Año;Provincia;Área de salud;Agrupación profesionales;Nº de profesionales;
2009;ALMERÍA;Almería;Medicina de familia;169
2009;ALMERÍA;Almería;Pediatría;43
2009;ALMERÍA;Almería;Enfermería;160
2009;ALMERÍA;Almería;Personal no sanitario;186
2009;ALMERÍA;A.G.S. Norte de Almería;Medicina de familia;97
2009;ALMERÍA;A.G.S. Norte de Almería;Pediatría;16
2009;ALMERÍA;A.G.S. Norte de Almería;Enfermería;83
2009;ALMERÍA;A.G.S. Norte de Almería;Personal no sanitario;103
2009;ALMERÍA;Poniente de Almería;Medicina de familia;132
2009;ALMERÍA;Poniente de Almería;Pediatría;31
2009;ALMERÍA;Poniente de Almería;Enfermería;117
2009;ALMERÍA;Poniente de Almería;Personal no sanitario;112
2009;CÁDIZ;Bahía de Cádiz-La Janda;Medicina de familia;280
2009;CÁDIZ;Bahía de Cádiz-La Janda;Pediatría;70
2009;CÁDIZ;Bahía de Cádiz-La Janda;Enfermería;262
2009;CÁDIZ;Bahía de Cádiz-La Janda;Personal no sanitario;247
2009;CÁDIZ;A.G.S. Campo de Gibraltar;Medicina de familia;136
2009;CÁDIZ;A.G.S. Campo de Gibraltar;Pediatría;42
2009;CÁDIZ;A.G.S. Campo de Gibraltar;Enfermería;140
2009;CÁDIZ;A.G.S. Campo de Gibraltar;Personal no sanitario;146
2009;CÁDIZ;Jerez-Costa Noroeste;Medicina de familia;172
2009;CÁDIZ;Jerez-Costa Noroeste;Pediatría;47
2009;CÁDIZ;Jerez-Costa Noroeste;Enfermería;162
2009;CÁDIZ;Jerez-Costa Noroeste;Personal no sanitario;171
2009;CÁDIZ;Sierra de Cádiz;Medicina de familia;74
2009;CÁDIZ;Sierra de Cádiz;Pediatría;14
2009;CÁDIZ;Sierra de Cádiz;Enfermería;69
2009;CÁDIZ;Sierra de Cádiz;Personal no sanitario;86
2009;CÁDIZ;A.G.S. Norte de Cádiz;Medicina de familia;
2009;CÁDIZ;A.G.S. Norte de Cádiz;Pediatría;
2009;CÁDIZ;A.G.S. Norte de Cádiz;Enfermería;
2009;CÁDIZ;A.G.S. Norte de Cádiz;Personal no sanitario;
2009;CÓRDOBA;Córdoba;Medicina de familia;184
2009;CÓRDOBA;Córdoba;Pediatría;44
2009;CÓRDOBA;Córdoba;Enfermería;172
2009;CÓRDOBA;Córdoba;Personal no sanitario;157
2009;CÓRDOBA;A.G.S. Norte de Córdoba;Medicina de familia;62
2009;CÓRDOBA;A.G.S. Norte de Córdoba;Pediatría;7
2009;CÓRDOBA;A.G.S. Norte de Córdoba;Enfermería;63
2009;CÓRDOBA;A.G.S. Norte de Córdoba;Personal no sanitario;75
2009;CÓRDOBA;A.G.S. Sur de Córdoba;Medicina de familia;157
2009;CÓRDOBA;A.G.S. Sur de Córdoba;Pediatría;35
2009;CÓRDOBA;A.G.S. Sur de Córdoba;Enfermería;156
2009;CÓRDOBA;A.G.S. Sur de Córdoba;Personal no sanitario;190
2009;CÓRDOBA;Guadalquivir;Medicina de familia;79
2009;CÓRDOBA;Guadalquivir;Pediatría;18
2009;CÓRDOBA;Guadalquivir;Enfermería;79
2009;CÓRDOBA;Guadalquivir;Personal no sanitario;108
2009;GRANADA;Granada;Medicina de familia;175
2009;GRANADA;Granada;Pediatría;37
2009;GRANADA;Granada;Enfermería;149
2009;GRANADA;Granada;Personal no sanitario;191
2009;GRANADA;A.G.S. Nordeste de Granada;Medicina de familia;82
2009;GRANADA;A.G.S. Nordeste de Granada;Pediatría;13
2009;GRANADA;A.G.S. Nordeste de Granada;Enfermería;77
2009;GRANADA;A.G.S. Nordeste de Granada;Personal no sanitario;95
2009;GRANADA;A.G.S. Sur de Granada;Medicina de familia;100
2009;GRANADA;A.G.S. Sur de Granada;Pediatría;18
2009;GRANADA;A.G.S. Sur de Granada;Enfermería;97
2009;GRANADA;A.G.S. Sur de Granada;Personal no sanitario;131
2009;GRANADA;Metropolitano de Granada;Medicina de familia;225
2009;GRANADA;Metropolitano de Granada;Pediatría;52
2009;GRANADA;Metropolitano de Granada;Enfermería;199
2009;GRANADA;Metropolitano de Granada;Personal no sanitario;212
2009;HUELVA;Condado-Campiña;Medicina de familia;88
2009;HUELVA;Condado-Campiña;Pediatría;20
2009;HUELVA;Condado-Campiña;Enfermería;77
2009;HUELVA;Condado-Campiña;Personal no sanitario;106
2009;HUELVA;Huelva-Costa;Medicina de familia;161
2009;HUELVA;Huelva-Costa;Pediatría;33
2009;HUELVA;Huelva-Costa;Enfermería;153
2009;HUELVA;Huelva-Costa;Personal no sanitario;152
2009;HUELVA;A.G.S. Norte de Huelva;Medicina de familia;63
2009;HUELVA;A.G.S. Norte de Huelva;Pediatría;9
2009;HUELVA;A.G.S. Norte de Huelva;Enfermería;61
2009;HUELVA;A.G.S. Norte de Huelva;Personal no sanitario;92
2009;JAÉN;Jaén;Medicina de familia;122
2009;JAÉN;Jaén;Pediatría;31
2009;JAÉN;Jaén;Enfermería;116
2009;JAÉN;Jaén;Personal no sanitario;128
2009;JAÉN;Jaen Nordeste;Medicina de familia;118
2009;JAÉN;Jaen Nordeste;Pediatría;25
2009;JAÉN;Jaen Nordeste;Enfermería;117
2009;JAÉN;Jaen Nordeste;Personal no sanitario;155
2009;JAÉN;Jaén Norte;Medicina de familia;125
2009;JAÉN;Jaén Norte;Pediatría;24
2009;JAÉN;Jaén Norte;Enfermería;116
2009;JAÉN;Jaén Norte;Personal no sanitario;147
2009;JAÉN;Jaén Sur;Medicina de familia;64
2009;JAÉN;Jaén Sur;Pediatría;12
2009;JAÉN;Jaén Sur;Enfermería;62
2009;JAÉN;Jaén Sur;Personal no sanitario;80
2009;JAÉN;A.G.S. Norte de Jaén;Medicina de familia;
2009;JAÉN;A.G.S. Norte de Jaén;Pediatría;
2009;JAÉN;A.G.S. Norte de Jaén;Enfermería;
2009;JAÉN;A.G.S. Norte de Jaén;Personal no sanitario;
2009;MÁLAGA;A.G.S. Este de Málaga - Axarquia;Medicina de familia;94
2009;MÁLAGA;A.G.S. Este de Málaga - Axarquia;Pediatría;18
2009;MÁLAGA;A.G.S. Este de Málaga - Axarquia;Enfermería;80
2009;MÁLAGA;A.G.S. Este de Málaga - Axarquia;Personal no sanitario;120
2009;MÁLAGA;Costa del Sol;Medicina de familia;209
2009;MÁLAGA;Costa del Sol;Pediatría;49
2009;MÁLAGA;Costa del Sol;Enfermería;178
2009;MÁLAGA;Costa del Sol;Personal no sanitario;177
2009;MÁLAGA;A.G.S. Norte de Málaga;Medicina de familia;70
2009;MÁLAGA;A.G.S. Norte de Málaga;Pediatría;13
2009;MÁLAGA;A.G.S. Norte de Málaga;Enfermería;65
2009;MÁLAGA;A.G.S. Norte de Málaga;Personal no sanitario;79
2009;MÁLAGA;Málaga;Medicina de familia;344
2009;MÁLAGA;Málaga;Pediatría;79
2009;MÁLAGA;Málaga;Enfermería;304
2009;MÁLAGA;Málaga;Personal no sanitario;325
2009;MÁLAGA;A.G.S. Serranía de Málaga;Medicina de familia;41
2009;MÁLAGA;A.G.S. Serranía de Málaga;Pediatría;7
2009;MÁLAGA;A.G.S. Serranía de Málaga;Enfermería;39
2009;MÁLAGA;A.G.S. Serranía de Málaga;Personal no sanitario;59
2009;MÁLAGA;Valle del Guadalhorce;Medicina de familia;65
2009;MÁLAGA;Valle del Guadalhorce;Pediatría;16
2009;MÁLAGA;Valle del Guadalhorce;Enfermería;66
2009;MÁLAGA;Valle del Guadalhorce;Personal no sanitario;95
2009;SEVILLA;Aljarafe;Medicina de familia;180
2009;SEVILLA;Aljarafe;Pediatría;50
2009;SEVILLA;Aljarafe;Enfermería;159
2009;SEVILLA;Aljarafe;Personal no sanitario;187
2009;SEVILLA;Sevilla;Medicina de familia;412
2009;SEVILLA;Sevilla;Pediatría;105
2009;SEVILLA;Sevilla;Enfermería;409
2009;SEVILLA;Sevilla;Personal no sanitario;477
2009;SEVILLA;A.G.S. de Osuna;Medicina de familia;100
2009;SEVILLA;A.G.S. de Osuna;Pediatría;26
2009;SEVILLA;A.G.S. de Osuna;Enfermería;94
2009;SEVILLA;A.G.S. de Osuna;Personal no sanitario;88
2009;SEVILLA;Sevilla Norte;Medicina de familia;155
2009;SEVILLA;Sevilla Norte;Pediatría;34
2009;SEVILLA;Sevilla Norte;Enfermería;151
2009;SEVILLA;Sevilla Norte;Personal no sanitario;191
2009;SEVILLA;A.G.S. Sur de Sevilla;Medicina de familia;213
2009;SEVILLA;A.G.S. Sur de Sevilla;Pediatría;60
2009;SEVILLA;A.G.S. Sur de Sevilla;Enfermería;205
2009;SEVILLA;A.G.S. Sur de Sevilla;Personal no sanitario;196
2010;ALMERÍA;Almería;Medicina de familia;171
2010;ALMERÍA;Almería;Pediatría;44
2010;ALMERÍA;Almería;Enfermería;170
2010;ALMERÍA;Almería;Personal no sanitario;191
2010;ALMERÍA;A.G.S. Norte de Almería;Medicina de familia;99
2010;ALMERÍA;A.G.S. Norte de Almería;Pediatría;18
2010;ALMERÍA;A.G.S. Norte de Almería;Enfermería;87
2010;ALMERÍA;A.G.S. Norte de Almería;Personal no sanitario;103
2010;ALMERÍA;Poniente de Almería;Medicina de familia;136
2010;ALMERÍA;Poniente de Almería;Pediatría;36
2010;ALMERÍA;Poniente de Almería;Enfermería;128
2010;ALMERÍA;Poniente de Almería;Personal no sanitario;116
2010;CÁDIZ;Bahía de Cádiz-La Janda;Medicina de familia;285
2010;CÁDIZ;Bahía de Cádiz-La Janda;Pediatría;72
2010;CÁDIZ;Bahía de Cádiz-La Janda;Enfermería;272
2010;CÁDIZ;Bahía de Cádiz-La Janda;Personal no sanitario;281
2010;CÁDIZ;A.G.S. Campo de Gibraltar;Medicina de familia;137
2010;CÁDIZ;A.G.S. Campo de Gibraltar;Pediatría;43
2010;CÁDIZ;A.G.S. Campo de Gibraltar;Enfermería;139
2010;CÁDIZ;A.G.S. Campo de Gibraltar;Personal no sanitario;148
2010;CÁDIZ;Jerez-Costa Noroeste;Medicina de familia;175
2010;CÁDIZ;Jerez-Costa Noroeste;Pediatría;47
2010;CÁDIZ;Jerez-Costa Noroeste;Enfermería;172
2010;CÁDIZ;Jerez-Costa Noroeste;Personal no sanitario;185
2010;CÁDIZ;Sierra de Cádiz;Medicina de familia;74
2010;CÁDIZ;Sierra de Cádiz;Pediatría;15
2010;CÁDIZ;Sierra de Cádiz;Enfermería;71
2010;CÁDIZ;Sierra de Cádiz;Personal no sanitario;87
2010;CÁDIZ;A.G.S. Norte de Cádiz;Medicina de familia;
2010;CÁDIZ;A.G.S. Norte de Cádiz;Pediatría;
2010;CÁDIZ;A.G.S. Norte de Cádiz;Enfermería;
2010;CÁDIZ;A.G.S. Norte de Cádiz;Personal no sanitario;
2010;CÓRDOBA;Córdoba;Medicina de familia;188
2010;CÓRDOBA;Córdoba;Pediatría;44
2010;CÓRDOBA;Córdoba;Enfermería;185
2010;CÓRDOBA;Córdoba;Personal no sanitario;171
2010;CÓRDOBA;A.G.S. Norte de Córdoba;Medicina de familia;62
2010;CÓRDOBA;A.G.S. Norte de Córdoba;Pediatría;7
2010;CÓRDOBA;A.G.S. Norte de Córdoba;Enfermería;68
2010;CÓRDOBA;A.G.S. Norte de Córdoba;Personal no sanitario;78
2010;CÓRDOBA;A.G.S. Sur de Córdoba;Medicina de familia;158
2010;CÓRDOBA;A.G.S. Sur de Córdoba;Pediatría;35
2010;CÓRDOBA;A.G.S. Sur de Córdoba;Enfermería;160
2010;CÓRDOBA;A.G.S. Sur de Córdoba;Personal no sanitario;188
2010;CÓRDOBA;Guadalquivir;Medicina de familia;79
2010;CÓRDOBA;Guadalquivir;Pediatría;18
2010;CÓRDOBA;Guadalquivir;Enfermería;85
2010;CÓRDOBA;Guadalquivir;Personal no sanitario;107
2010;GRANADA;Granada;Medicina de familia;175
2010;GRANADA;Granada;Pediatría;37
2010;GRANADA;Granada;Enfermería;154
2010;GRANADA;Granada;Personal no sanitario;198
2010;GRANADA;A.G.S. Nordeste de Granada;Medicina de familia;85
2010;GRANADA;A.G.S. Nordeste de Granada;Pediatría;14
2010;GRANADA;A.G.S. Nordeste de Granada;Enfermería;84
2010;GRANADA;A.G.S. Nordeste de Granada;Personal no sanitario;93
2010;GRANADA;A.G.S. Sur de Granada;Medicina de familia;100
2010;GRANADA;A.G.S. Sur de Granada;Pediatría;20
2010;GRANADA;A.G.S. Sur de Granada;Enfermería;104
2010;GRANADA;A.G.S. Sur de Granada;Personal no sanitario;125
2010;GRANADA;Metropolitano de Granada;Medicina de familia;233
2010;GRANADA;Metropolitano de Granada;Pediatría;53
2010;GRANADA;Metropolitano de Granada;Enfermería;206
2010;GRANADA;Metropolitano de Granada;Personal no sanitario;207
2010;HUELVA;Condado-Campiña;Medicina de familia;90
2010;HUELVA;Condado-Campiña;Pediatría;20
2010;HUELVA;Condado-Campiña;Enfermería;81
2010;HUELVA;Condado-Campiña;Personal no sanitario;111
2010;HUELVA;Huelva-Costa;Medicina de familia;168
2010;HUELVA;Huelva-Costa;Pediatría;34
2010;HUELVA;Huelva-Costa;Enfermería;160
2010;HUELVA;Huelva-Costa;Personal no sanitario;170
2010;HUELVA;A.G.S. Norte de Huelva;Medicina de familia;61
2010;HUELVA;A.G.S. Norte de Huelva;Pediatría;9
2010;HUELVA;A.G.S. Norte de Huelva;Enfermería;61
2010;HUELVA;A.G.S. Norte de Huelva;Personal no sanitario;89
2010;JAÉN;Jaén;Medicina de familia;125
2010;JAÉN;Jaén;Pediatría;30
2010;JAÉN;Jaén;Enfermería;122
2010;JAÉN;Jaén;Personal no sanitario;129
2010;JAÉN;Jaen Nordeste;Medicina de familia;124
2010;JAÉN;Jaen Nordeste;Pediatría;25
2010;JAÉN;Jaen Nordeste;Enfermería;124
2010;JAÉN;Jaen Nordeste;Personal no sanitario;162
2010;JAÉN;Jaén Norte;Medicina de familia;127
2010;JAÉN;Jaén Norte;Pediatría;24
2010;JAÉN;Jaén Norte;Enfermería;119
2010;JAÉN;Jaén Norte;Personal no sanitario;151
2010;JAÉN;Jaén Sur;Medicina de familia;65
2010;JAÉN;Jaén Sur;Pediatría;12
2010;JAÉN;Jaén Sur;Enfermería;64
2010;JAÉN;Jaén Sur;Personal no sanitario;82
2010;JAÉN;A.G.S. Norte de Jaén;Medicina de familia;
2010;JAÉN;A.G.S. Norte de Jaén;Pediatría;
2010;JAÉN;A.G.S. Norte de Jaén;Enfermería;
2010;JAÉN;A.G.S. Norte de Jaén;Personal no sanitario;
2010;MÁLAGA;A.G.S. Este de Málaga - Axarquia;Medicina de familia;95
2010;MÁLAGA;A.G.S. Este de Málaga - Axarquia;Pediatría;20
2010;MÁLAGA;A.G.S. Este de Málaga - Axarquia;Enfermería;86
2010;MÁLAGA;A.G.S. Este de Málaga - Axarquia;Personal no sanitario;122
2010;MÁLAGA;Costa del Sol;Medicina de familia;222
2010;MÁLAGA;Costa del Sol;Pediatría;55
2010;MÁLAGA;Costa del Sol;Enfermería;178
2010;MÁLAGA;Costa del Sol;Personal no sanitario;178
2010;MÁLAGA;A.G.S. Norte de Málaga;Medicina de familia;70
2010;MÁLAGA;A.G.S. Norte de Málaga;Pediatría;13
2010;MÁLAGA;A.G.S. Norte de Málaga;Enfermería;62
2010;MÁLAGA;A.G.S. Norte de Málaga;Personal no sanitario;76
2010;MÁLAGA;Málaga;Medicina de familia;349
2010;MÁLAGA;Málaga;Pediatría;78
2010;MÁLAGA;Málaga;Enfermería;325
2010;MÁLAGA;Málaga;Personal no sanitario;332
2010;MÁLAGA;A.G.S. Serranía de Málaga;Medicina de familia;41
2010;MÁLAGA;A.G.S. Serranía de Málaga;Pediatría;7
2010;MÁLAGA;A.G.S. Serranía de Málaga;Enfermería;42
2010;MÁLAGA;A.G.S. Serranía de Málaga;Personal no sanitario;58
2010;MÁLAGA;Valle del Guadalhorce;Medicina de familia;66
2010;MÁLAGA;Valle del Guadalhorce;Pediatría;17
2010;MÁLAGA;Valle del Guadalhorce;Enfermería;67
2010;MÁLAGA;Valle del Guadalhorce;Personal no sanitario;97
2010;SEVILLA;Aljarafe;Medicina de familia;182
2010;SEVILLA;Aljarafe;Pediatría;51
2010;SEVILLA;Aljarafe;Enfermería;173
2010;SEVILLA;Aljarafe;Personal no sanitario;182
2010;SEVILLA;Sevilla;Medicina de familia;412
2010;SEVILLA;Sevilla;Pediatría;106
2010;SEVILLA;Sevilla;Enfermería;424
2010;SEVILLA;Sevilla;Personal no sanitario;466
2010;SEVILLA;A.G.S. de Osuna;Medicina de familia;100
2010;SEVILLA;A.G.S. de Osuna;Pediatría;27
2010;SEVILLA;A.G.S. de Osuna;Enfermería;101
2010;SEVILLA;A.G.S. de Osuna;Personal no sanitario;87
2010;SEVILLA;Sevilla Norte;Medicina de familia;164
2010;SEVILLA;Sevilla Norte;Pediatría;35
2010;SEVILLA;Sevilla Norte;Enfermería;152
2010;SEVILLA;Sevilla Norte;Personal no sanitario;190
2010;SEVILLA;A.G.S. Sur de Sevilla;Medicina de familia;218
2010;SEVILLA;A.G.S. Sur de Sevilla;Pediatría;62
2010;SEVILLA;A.G.S. Sur de Sevilla;Enfermería;213
2010;SEVILLA;A.G.S. Sur de Sevilla;Personal no sanitario;210
2011;ALMERÍA;Almería;Medicina de familia;175
2011;ALMERÍA;Almería;Pediatría;45
2011;ALMERÍA;Almería;Enfermería;173
2011;ALMERÍA;Almería;Personal no sanitario;182
2011;ALMERÍA;A.G.S. Norte de Almería;Medicina de familia;98
2011;ALMERÍA;A.G.S. Norte de Almería;Pediatría;18
2011;ALMERÍA;A.G.S. Norte de Almería;Enfermería;96
2011;ALMERÍA;A.G.S. Norte de Almería;Personal no sanitario;101
2011;ALMERÍA;Poniente de Almería;Medicina de familia;136
2011;ALMERÍA;Poniente de Almería;Pediatría;36
2011;ALMERÍA;Poniente de Almería;Enfermería;119
2011;ALMERÍA;Poniente de Almería;Personal no sanitario;118
2011;CÁDIZ;Bahía de Cádiz-La Janda;Medicina de familia;285
2011;CÁDIZ;Bahía de Cádiz-La Janda;Pediatría;72
2011;CÁDIZ;Bahía de Cádiz-La Janda;Enfermería;297
2011;CÁDIZ;Bahía de Cádiz-La Janda;Personal no sanitario;231
2011;CÁDIZ;A.G.S. Campo de Gibraltar;Medicina de familia;138
2011;CÁDIZ;A.G.S. Campo de Gibraltar;Pediatría;43
2011;CÁDIZ;A.G.S. Campo de Gibraltar;Enfermería;173
2011;CÁDIZ;A.G.S. Campo de Gibraltar;Personal no sanitario;154
2011;CÁDIZ;Jerez-Costa Noroeste;Medicina de familia;175
2011;CÁDIZ;Jerez-Costa Noroeste;Pediatría;47
2011;CÁDIZ;Jerez-Costa Noroeste;Enfermería;171
2011;CÁDIZ;Jerez-Costa Noroeste;Personal no sanitario;162
2011;CÁDIZ;Sierra de Cádiz;Medicina de familia;74
2011;CÁDIZ;Sierra de Cádiz;Pediatría;15
2011;CÁDIZ;Sierra de Cádiz;Enfermería;81
2011;CÁDIZ;Sierra de Cádiz;Personal no sanitario;84
2011;CÁDIZ;A.G.S. Norte de Cádiz;Medicina de familia;
2011;CÁDIZ;A.G.S. Norte de Cádiz;Pediatría;
2011;CÁDIZ;A.G.S. Norte de Cádiz;Enfermería;
2011;CÁDIZ;A.G.S. Norte de Cádiz;Personal no sanitario;
2011;CÓRDOBA;Córdoba;Medicina de familia;188
2011;CÓRDOBA;Córdoba;Pediatría;44
2011;CÓRDOBA;Córdoba;Enfermería;183
2011;CÓRDOBA;Córdoba;Personal no sanitario;164
2011;CÓRDOBA;A.G.S. Norte de Córdoba;Medicina de familia;62
2011;CÓRDOBA;A.G.S. Norte de Córdoba;Pediatría;7
2011;CÓRDOBA;A.G.S. Norte de Córdoba;Enfermería;80
2011;CÓRDOBA;A.G.S. Norte de Córdoba;Personal no sanitario;127
2011;CÓRDOBA;A.G.S. Sur de Córdoba;Medicina de familia;158
2011;CÓRDOBA;A.G.S. Sur de Córdoba;Pediatría;35
2011;CÓRDOBA;A.G.S. Sur de Córdoba;Enfermería;159
2011;CÓRDOBA;A.G.S. Sur de Córdoba;Personal no sanitario;128
2011;CÓRDOBA;Guadalquivir;Medicina de familia;80
2011;CÓRDOBA;Guadalquivir;Pediatría;18
2011;CÓRDOBA;Guadalquivir;Enfermería;88
2011;CÓRDOBA;Guadalquivir;Personal no sanitario;97
2011;GRANADA;Granada;Medicina de familia;175
2011;GRANADA;Granada;Pediatría;37
2011;GRANADA;Granada;Enfermería;159
2011;GRANADA;Granada;Personal no sanitario;197
2011;GRANADA;A.G.S. Nordeste de Granada;Medicina de familia;85
2011;GRANADA;A.G.S. Nordeste de Granada;Pediatría;14
2011;GRANADA;A.G.S. Nordeste de Granada;Enfermería;89
2011;GRANADA;A.G.S. Nordeste de Granada;Personal no sanitario;102
2011;GRANADA;A.G.S. Sur de Granada;Medicina de familia;100
2011;GRANADA;A.G.S. Sur de Granada;Pediatría;20
2011;GRANADA;A.G.S. Sur de Granada;Enfermería;123
2011;GRANADA;A.G.S. Sur de Granada;Personal no sanitario;130
2011;GRANADA;Metropolitano de Granada;Medicina de familia;233
2011;GRANADA;Metropolitano de Granada;Pediatría;53
2011;GRANADA;Metropolitano de Granada;Enfermería;215
2011;GRANADA;Metropolitano de Granada;Personal no sanitario;222
2011;HUELVA;Condado-Campiña;Medicina de familia;88
2011;HUELVA;Condado-Campiña;Pediatría;20
2011;HUELVA;Condado-Campiña;Enfermería;83
2011;HUELVA;Condado-Campiña;Personal no sanitario;121
2011;HUELVA;Huelva-Costa;Medicina de familia;169
2011;HUELVA;Huelva-Costa;Pediatría;34
2011;HUELVA;Huelva-Costa;Enfermería;170
2011;HUELVA;Huelva-Costa;Personal no sanitario;161
2011;HUELVA;A.G.S. Norte de Huelva;Medicina de familia;61
2011;HUELVA;A.G.S. Norte de Huelva;Pediatría;9
2011;HUELVA;A.G.S. Norte de Huelva;Enfermería;72
2011;HUELVA;A.G.S. Norte de Huelva;Personal no sanitario;82
2011;JAÉN;Jaén;Medicina de familia;125
2011;JAÉN;Jaén;Pediatría;30
2011;JAÉN;Jaén;Enfermería;121
2011;JAÉN;Jaén;Personal no sanitario;123
2011;JAÉN;Jaen Nordeste;Medicina de familia;124
2011;JAÉN;Jaen Nordeste;Pediatría;25
2011;JAÉN;Jaen Nordeste;Enfermería;126
2011;JAÉN;Jaen Nordeste;Personal no sanitario;163
2011;JAÉN;Jaén Norte;Medicina de familia;127
2011;JAÉN;Jaén Norte;Pediatría;24
2011;JAÉN;Jaén Norte;Enfermería;131
2011;JAÉN;Jaén Norte;Personal no sanitario;145
2011;JAÉN;Jaén Sur;Medicina de familia;65
2011;JAÉN;Jaén Sur;Pediatría;12
2011;JAÉN;Jaén Sur;Enfermería;72
2011;JAÉN;Jaén Sur;Personal no sanitario;82
2011;JAÉN;A.G.S. Norte de Jaén;Medicina de familia;
2011;JAÉN;A.G.S. Norte de Jaén;Pediatría;
2011;JAÉN;A.G.S. Norte de Jaén;Enfermería;
2011;JAÉN;A.G.S. Norte de Jaén;Personal no sanitario;
2011;MÁLAGA;A.G.S. Este de Málaga - Axarquia;Medicina de familia;95
2011;MÁLAGA;A.G.S. Este de Málaga - Axarquia;Pediatría;20
2011;MÁLAGA;A.G.S. Este de Málaga - Axarquia;Enfermería;85
2011;MÁLAGA;A.G.S. Este de Málaga - Axarquia;Personal no sanitario;124
2011;MÁLAGA;Costa del Sol;Medicina de familia;222
2011;MÁLAGA;Costa del Sol;Pediatría;55
2011;MÁLAGA;Costa del Sol;Enfermería;209
2011;MÁLAGA;Costa del Sol;Personal no sanitario;187
2011;MÁLAGA;A.G.S. Norte de Málaga;Medicina de familia;70
2011;MÁLAGA;A.G.S. Norte de Málaga;Pediatría;13
2011;MÁLAGA;A.G.S. Norte de Málaga;Enfermería;79
2011;MÁLAGA;A.G.S. Norte de Málaga;Personal no sanitario;84
2011;MÁLAGA;Málaga;Medicina de familia;342
2011;MÁLAGA;Málaga;Pediatría;78
2011;MÁLAGA;Málaga;Enfermería;317
2011;MÁLAGA;Málaga;Personal no sanitario;318
2011;MÁLAGA;A.G.S. Serranía de Málaga;Medicina de familia;41
2011;MÁLAGA;A.G.S. Serranía de Málaga;Pediatría;7
2011;MÁLAGA;A.G.S. Serranía de Málaga;Enfermería;46
2011;MÁLAGA;A.G.S. Serranía de Málaga;Personal no sanitario;57
2011;MÁLAGA;Valle del Guadalhorce;Medicina de familia;68
2011;MÁLAGA;Valle del Guadalhorce;Pediatría;17
2011;MÁLAGA;Valle del Guadalhorce;Enfermería;80
2011;MÁLAGA;Valle del Guadalhorce;Personal no sanitario;108
2011;SEVILLA;Aljarafe;Medicina de familia;182
2011;SEVILLA;Aljarafe;Pediatría;52
2011;SEVILLA;Aljarafe;Enfermería;180
2011;SEVILLA;Aljarafe;Personal no sanitario;176
2011;SEVILLA;Sevilla;Medicina de familia;413
2011;SEVILLA;Sevilla;Pediatría;106
2011;SEVILLA;Sevilla;Enfermería;442
2011;SEVILLA;Sevilla;Personal no sanitario;433
2011;SEVILLA;A.G.S. de Osuna;Medicina de familia;100
2011;SEVILLA;A.G.S. de Osuna;Pediatría;27
2011;SEVILLA;A.G.S. de Osuna;Enfermería;111
2011;SEVILLA;A.G.S. de Osuna;Personal no sanitario;83
2011;SEVILLA;Sevilla Norte;Medicina de familia;164
2011;SEVILLA;Sevilla Norte;Pediatría;35
2011;SEVILLA;Sevilla Norte;Enfermería;158
2011;SEVILLA;Sevilla Norte;Personal no sanitario;190
2011;SEVILLA;A.G.S. Sur de Sevilla;Medicina de familia;219
2011;SEVILLA;A.G.S. Sur de Sevilla;Pediatría;62
2011;SEVILLA;A.G.S. Sur de Sevilla;Enfermería;234
2011;SEVILLA;A.G.S. Sur de Sevilla;Personal no sanitario;208
2012;ALMERÍA;Almería;Medicina de familia;174
2012;ALMERÍA;Almería;Pediatría;45
2012;ALMERÍA;Almería;Enfermería;173
2012;ALMERÍA;Almería;Personal no sanitario;194
2012;ALMERÍA;A.G.S. Norte de Almería;Medicina de familia;98
2012;ALMERÍA;A.G.S. Norte de Almería;Pediatría;18
2012;ALMERÍA;A.G.S. Norte de Almería;Enfermería;96
2012;ALMERÍA;A.G.S. Norte de Almería;Personal no sanitario;105
2012;ALMERÍA;Poniente de Almería;Medicina de familia;136
2012;ALMERÍA;Poniente de Almería;Pediatría;36
2012;ALMERÍA;Poniente de Almería;Enfermería;119
2012;ALMERÍA;Poniente de Almería;Personal no sanitario;125
2012;CÁDIZ;Bahía de Cádiz-La Janda;Medicina de familia;284
2012;CÁDIZ;Bahía de Cádiz-La Janda;Pediatría;72
2012;CÁDIZ;Bahía de Cádiz-La Janda;Enfermería;297
2012;CÁDIZ;Bahía de Cádiz-La Janda;Personal no sanitario;239
2012;CÁDIZ;A.G.S. Campo de Gibraltar;Medicina de familia;138
2012;CÁDIZ;A.G.S. Campo de Gibraltar;Pediatría;44
2012;CÁDIZ;A.G.S. Campo de Gibraltar;Enfermería;173
2012;CÁDIZ;A.G.S. Campo de Gibraltar;Personal no sanitario;154
2012;CÁDIZ;Jerez-Costa Noroeste;Medicina de familia;175
2012;CÁDIZ;Jerez-Costa Noroeste;Pediatría;47
2012;CÁDIZ;Jerez-Costa Noroeste;Enfermería;171
2012;CÁDIZ;Jerez-Costa Noroeste;Personal no sanitario;169
2012;CÁDIZ;Sierra de Cádiz;Medicina de familia;74
2012;CÁDIZ;Sierra de Cádiz;Pediatría;15
2012;CÁDIZ;Sierra de Cádiz;Enfermería;81
2012;CÁDIZ;Sierra de Cádiz;Personal no sanitario;86
2012;CÁDIZ;A.G.S. Norte de Cádiz;Medicina de familia;
2012;CÁDIZ;A.G.S. Norte de Cádiz;Pediatría;
2012;CÁDIZ;A.G.S. Norte de Cádiz;Enfermería;
2012;CÁDIZ;A.G.S. Norte de Cádiz;Personal no sanitario;
2012;CÓRDOBA;Córdoba;Medicina de familia;188
2012;CÓRDOBA;Córdoba;Pediatría;44
2012;CÓRDOBA;Córdoba;Enfermería;183
2012;CÓRDOBA;Córdoba;Personal no sanitario;163
2012;CÓRDOBA;A.G.S. Norte de Córdoba;Medicina de familia;62
2012;CÓRDOBA;A.G.S. Norte de Córdoba;Pediatría;7
2012;CÓRDOBA;A.G.S. Norte de Córdoba;Enfermería;80
2012;CÓRDOBA;A.G.S. Norte de Córdoba;Personal no sanitario;77
2012;CÓRDOBA;A.G.S. Sur de Córdoba;Medicina de familia;158
2012;CÓRDOBA;A.G.S. Sur de Córdoba;Pediatría;35
2012;CÓRDOBA;A.G.S. Sur de Córdoba;Enfermería;159
2012;CÓRDOBA;A.G.S. Sur de Córdoba;Personal no sanitario;175
2012;CÓRDOBA;Guadalquivir;Medicina de familia;80
2012;CÓRDOBA;Guadalquivir;Pediatría;18
2012;CÓRDOBA;Guadalquivir;Enfermería;88
2012;CÓRDOBA;Guadalquivir;Personal no sanitario;95
2012;GRANADA;Granada;Medicina de familia;175
2012;GRANADA;Granada;Pediatría;37
2012;GRANADA;Granada;Enfermería;159
2012;GRANADA;Granada;Personal no sanitario;185
2012;GRANADA;A.G.S. Nordeste de Granada;Medicina de familia;85
2012;GRANADA;A.G.S. Nordeste de Granada;Pediatría;14
2012;GRANADA;A.G.S. Nordeste de Granada;Enfermería;89
2012;GRANADA;A.G.S. Nordeste de Granada;Personal no sanitario;99
2012;GRANADA;A.G.S. Sur de Granada;Medicina de familia;100
2012;GRANADA;A.G.S. Sur de Granada;Pediatría;20
2012;GRANADA;A.G.S. Sur de Granada;Enfermería;123
2012;GRANADA;A.G.S. Sur de Granada;Personal no sanitario;130
2012;GRANADA;Metropolitano de Granada;Medicina de familia;233
2012;GRANADA;Metropolitano de Granada;Pediatría;53
2012;GRANADA;Metropolitano de Granada;Enfermería;215
2012;GRANADA;Metropolitano de Granada;Personal no sanitario;218
2012;HUELVA;Condado-Campiña;Medicina de familia;89
2012;HUELVA;Condado-Campiña;Pediatría;20
2012;HUELVA;Condado-Campiña;Enfermería;83
2012;HUELVA;Condado-Campiña;Personal no sanitario;119
2012;HUELVA;Huelva-Costa;Medicina de familia;168
2012;HUELVA;Huelva-Costa;Pediatría;34
2012;HUELVA;Huelva-Costa;Enfermería;170
2012;HUELVA;Huelva-Costa;Personal no sanitario;157
2012;HUELVA;A.G.S. Norte de Huelva;Medicina de familia;61
2012;HUELVA;A.G.S. Norte de Huelva;Pediatría;9
2012;HUELVA;A.G.S. Norte de Huelva;Enfermería;72
2012;HUELVA;A.G.S. Norte de Huelva;Personal no sanitario;82
2012;JAÉN;Jaén;Medicina de familia;125
2012;JAÉN;Jaén;Pediatría;30
2012;JAÉN;Jaén;Enfermería;121
2012;JAÉN;Jaén;Personal no sanitario;123
2012;JAÉN;Jaen Nordeste;Medicina de familia;124
2012;JAÉN;Jaen Nordeste;Pediatría;25
2012;JAÉN;Jaen Nordeste;Enfermería;126
2012;JAÉN;Jaen Nordeste;Personal no sanitario;163
2012;JAÉN;Jaén Norte;Medicina de familia;127
2012;JAÉN;Jaén Norte;Pediatría;24
2012;JAÉN;Jaén Norte;Enfermería;131
2012;JAÉN;Jaén Norte;Personal no sanitario;140
2012;JAÉN;Jaén Sur;Medicina de familia;65
2012;JAÉN;Jaén Sur;Pediatría;12
2012;JAÉN;Jaén Sur;Enfermería;72
2012;JAÉN;Jaén Sur;Personal no sanitario;78
2012;JAÉN;A.G.S. Norte de Jaén;Medicina de familia;
2012;JAÉN;A.G.S. Norte de Jaén;Pediatría;
2012;JAÉN;A.G.S. Norte de Jaén;Enfermería;
2012;JAÉN;A.G.S. Norte de Jaén;Personal no sanitario;
2012;MÁLAGA;A.G.S. Este de Málaga - Axarquia;Medicina de familia;95
2012;MÁLAGA;A.G.S. Este de Málaga - Axarquia;Pediatría;20
2012;MÁLAGA;A.G.S. Este de Málaga - Axarquia;Enfermería;85
2012;MÁLAGA;A.G.S. Este de Málaga - Axarquia;Personal no sanitario;124
2012;MÁLAGA;Costa del Sol;Medicina de familia;223
2012;MÁLAGA;Costa del Sol;Pediatría;55
2012;MÁLAGA;Costa del Sol;Enfermería;209
2012;MÁLAGA;Costa del Sol;Personal no sanitario;180
2012;MÁLAGA;A.G.S. Norte de Málaga;Medicina de familia;70
2012;MÁLAGA;A.G.S. Norte de Málaga;Pediatría;12
2012;MÁLAGA;A.G.S. Norte de Málaga;Enfermería;79
2012;MÁLAGA;A.G.S. Norte de Málaga;Personal no sanitario;84
2012;MÁLAGA;Málaga;Medicina de familia;342
2012;MÁLAGA;Málaga;Pediatría;78
2012;MÁLAGA;Málaga;Enfermería;317
2012;MÁLAGA;Málaga;Personal no sanitario;309
2012;MÁLAGA;A.G.S. Serranía de Málaga;Medicina de familia;41
2012;MÁLAGA;A.G.S. Serranía de Málaga;Pediatría;7
2012;MÁLAGA;A.G.S. Serranía de Málaga;Enfermería;46
2012;MÁLAGA;A.G.S. Serranía de Málaga;Personal no sanitario;57
2012;MÁLAGA;Valle del Guadalhorce;Medicina de familia;68
2012;MÁLAGA;Valle del Guadalhorce;Pediatría;17
2012;MÁLAGA;Valle del Guadalhorce;Enfermería;80
2012;MÁLAGA;Valle del Guadalhorce;Personal no sanitario;108
2012;SEVILLA;Aljarafe;Medicina de familia;182
2012;SEVILLA;Aljarafe;Pediatría;52
2012;SEVILLA;Aljarafe;Enfermería;180
2012;SEVILLA;Aljarafe;Personal no sanitario;172
2012;SEVILLA;Sevilla;Medicina de familia;412
2012;SEVILLA;Sevilla;Pediatría;106
2012;SEVILLA;Sevilla;Enfermería;442
2012;SEVILLA;Sevilla;Personal no sanitario;487
2012;SEVILLA;A.G.S. de Osuna;Medicina de familia;100
2012;SEVILLA;A.G.S. de Osuna;Pediatría;27
2012;SEVILLA;A.G.S. de Osuna;Enfermería;111
2012;SEVILLA;A.G.S. de Osuna;Personal no sanitario;83
2012;SEVILLA;Sevilla Norte;Medicina de familia;164
2012;SEVILLA;Sevilla Norte;Pediatría;35
2012;SEVILLA;Sevilla Norte;Enfermería;158
2012;SEVILLA;Sevilla Norte;Personal no sanitario;188
2012;SEVILLA;A.G.S. Sur de Sevilla;Medicina de familia;219
2012;SEVILLA;A.G.S. Sur de Sevilla;Pediatría;62
2012;SEVILLA;A.G.S. Sur de Sevilla;Enfermería;234
2012;SEVILLA;A.G.S. Sur de Sevilla;Personal no sanitario;204
2013;ALMERÍA;Almería;Medicina de familia;174
2013;ALMERÍA;Almería;Pediatría;44
2013;ALMERÍA;Almería;Enfermería;192
2013;ALMERÍA;Almería;Personal no sanitario;190
2013;ALMERÍA;A.G.S. Norte de Almería;Medicina de familia;97
2013;ALMERÍA;A.G.S. Norte de Almería;Pediatría;18
2013;ALMERÍA;A.G.S. Norte de Almería;Enfermería;100
2013;ALMERÍA;A.G.S. Norte de Almería;Personal no sanitario;99
2013;ALMERÍA;Poniente de Almería;Medicina de familia;136
2013;ALMERÍA;Poniente de Almería;Pediatría;36
2013;ALMERÍA;Poniente de Almería;Enfermería;132
2013;ALMERÍA;Poniente de Almería;Personal no sanitario;114
2013;CÁDIZ;Bahía de Cádiz-La Janda;Medicina de familia;284
2013;CÁDIZ;Bahía de Cádiz-La Janda;Pediatría;72
2013;CÁDIZ;Bahía de Cádiz-La Janda;Enfermería;278
2013;CÁDIZ;Bahía de Cádiz-La Janda;Personal no sanitario;264
2013;CÁDIZ;A.G.S. Campo de Gibraltar;Medicina de familia;138
2013;CÁDIZ;A.G.S. Campo de Gibraltar;Pediatría;43
2013;CÁDIZ;A.G.S. Campo de Gibraltar;Enfermería;153
2013;CÁDIZ;A.G.S. Campo de Gibraltar;Personal no sanitario;146
2013;CÁDIZ;Jerez-Costa Noroeste;Medicina de familia;
2013;CÁDIZ;Jerez-Costa Noroeste;Pediatría;
2013;CÁDIZ;Jerez-Costa Noroeste;Enfermería;
2013;CÁDIZ;Jerez-Costa Noroeste;Personal no sanitario;
2013;CÁDIZ;Sierra de Cádiz;Medicina de familia;
2013;CÁDIZ;Sierra de Cádiz;Pediatría;
2013;CÁDIZ;Sierra de Cádiz;Enfermería;
2013;CÁDIZ;Sierra de Cádiz;Personal no sanitario;
2013;CÁDIZ;A.G.S. Norte de Cádiz;Medicina de familia;249
2013;CÁDIZ;A.G.S. Norte de Cádiz;Pediatría;62
2013;CÁDIZ;A.G.S. Norte de Cádiz;Enfermería;263
2013;CÁDIZ;A.G.S. Norte de Cádiz;Personal no sanitario;252
2013;CÓRDOBA;Córdoba;Medicina de familia;188
2013;CÓRDOBA;Córdoba;Pediatría;43
2013;CÓRDOBA;Córdoba;Enfermería;175
2013;CÓRDOBA;Córdoba;Personal no sanitario;160
2013;CÓRDOBA;A.G.S. Norte de Córdoba;Medicina de familia;62
2013;CÓRDOBA;A.G.S. Norte de Córdoba;Pediatría;7
2013;CÓRDOBA;A.G.S. Norte de Córdoba;Enfermería;76
2013;CÓRDOBA;A.G.S. Norte de Córdoba;Personal no sanitario;75
2013;CÓRDOBA;A.G.S. Sur de Córdoba;Medicina de familia;158
2013;CÓRDOBA;A.G.S. Sur de Córdoba;Pediatría;35
2013;CÓRDOBA;A.G.S. Sur de Córdoba;Enfermería;171
2013;CÓRDOBA;A.G.S. Sur de Córdoba;Personal no sanitario;178
2013;CÓRDOBA;Guadalquivir;Medicina de familia;80
2013;CÓRDOBA;Guadalquivir;Pediatría;18
2013;CÓRDOBA;Guadalquivir;Enfermería;109
2013;CÓRDOBA;Guadalquivir;Personal no sanitario;96
2013;GRANADA;Granada;Medicina de familia;175
2013;GRANADA;Granada;Pediatría;37
2013;GRANADA;Granada;Enfermería;152
2013;GRANADA;Granada;Personal no sanitario;176
2013;GRANADA;A.G.S. Nordeste de Granada;Medicina de familia;85
2013;GRANADA;A.G.S. Nordeste de Granada;Pediatría;14
2013;GRANADA;A.G.S. Nordeste de Granada;Enfermería;95
2013;GRANADA;A.G.S. Nordeste de Granada;Personal no sanitario;86
2013;GRANADA;A.G.S. Sur de Granada;Medicina de familia;100
2013;GRANADA;A.G.S. Sur de Granada;Pediatría;20
2013;GRANADA;A.G.S. Sur de Granada;Enfermería;123
2013;GRANADA;A.G.S. Sur de Granada;Personal no sanitario;109
2013;GRANADA;Metropolitano de Granada;Medicina de familia;233
2013;GRANADA;Metropolitano de Granada;Pediatría;53
2013;GRANADA;Metropolitano de Granada;Enfermería;243
2013;GRANADA;Metropolitano de Granada;Personal no sanitario;194
2013;HUELVA;Condado-Campiña;Medicina de familia;88
2013;HUELVA;Condado-Campiña;Pediatría;20
2013;HUELVA;Condado-Campiña;Enfermería;104
2013;HUELVA;Condado-Campiña;Personal no sanitario;102
2013;HUELVA;Huelva-Costa;Medicina de familia;168
2013;HUELVA;Huelva-Costa;Pediatría;34
2013;HUELVA;Huelva-Costa;Enfermería;166
2013;HUELVA;Huelva-Costa;Personal no sanitario;160
2013;HUELVA;A.G.S. Norte de Huelva;Medicina de familia;61
2013;HUELVA;A.G.S. Norte de Huelva;Pediatría;9
2013;HUELVA;A.G.S. Norte de Huelva;Enfermería;77
2013;HUELVA;A.G.S. Norte de Huelva;Personal no sanitario;85
2013;JAÉN;Jaén;Medicina de familia;125
2013;JAÉN;Jaén;Pediatría;30
2013;JAÉN;Jaén;Enfermería;135
2013;JAÉN;Jaén;Personal no sanitario;123
2013;JAÉN;Jaen Nordeste;Medicina de familia;
2013;JAÉN;Jaen Nordeste;Pediatría;
2013;JAÉN;Jaen Nordeste;Enfermería;
2013;JAÉN;Jaen Nordeste;Personal no sanitario;
2013;JAÉN;Jaén Norte;Medicina de familia;
2013;JAÉN;Jaén Norte;Pediatría;
2013;JAÉN;Jaén Norte;Enfermería;
2013;JAÉN;Jaén Norte;Personal no sanitario;
2013;JAÉN;Jaén Sur;Medicina de familia;65
2013;JAÉN;Jaén Sur;Pediatría;12
2013;JAÉN;Jaén Sur;Enfermería;76
2013;JAÉN;Jaén Sur;Personal no sanitario;72
2013;JAÉN;A.G.S. Norte de Jaén;Medicina de familia;251
2013;JAÉN;A.G.S. Norte de Jaén;Pediatría;49
2013;JAÉN;A.G.S. Norte de Jaén;Enfermería;297
2013;JAÉN;A.G.S. Norte de Jaén;Personal no sanitario;291
2013;MÁLAGA;A.G.S. Este de Málaga - Axarquia;Medicina de familia;95
2013;MÁLAGA;A.G.S. Este de Málaga - Axarquia;Pediatría;20
2013;MÁLAGA;A.G.S. Este de Málaga - Axarquia;Enfermería;114
2013;MÁLAGA;A.G.S. Este de Málaga - Axarquia;Personal no sanitario;113
2013;MÁLAGA;Costa del Sol;Medicina de familia;222
2013;MÁLAGA;Costa del Sol;Pediatría;55
2013;MÁLAGA;Costa del Sol;Enfermería;195
2013;MÁLAGA;Costa del Sol;Personal no sanitario;168
2013;MÁLAGA;A.G.S. Norte de Málaga;Medicina de familia;70
2013;MÁLAGA;A.G.S. Norte de Málaga;Pediatría;13
2013;MÁLAGA;A.G.S. Norte de Málaga;Enfermería;87
2013;MÁLAGA;A.G.S. Norte de Málaga;Personal no sanitario;73
2013;MÁLAGA;Málaga;Medicina de familia;342
2013;MÁLAGA;Málaga;Pediatría;78
2013;MÁLAGA;Málaga;Enfermería;329
2013;MÁLAGA;Málaga;Personal no sanitario;304
2013;MÁLAGA;A.G.S. Serranía de Málaga;Medicina de familia;41
2013;MÁLAGA;A.G.S. Serranía de Málaga;Pediatría;7
2013;MÁLAGA;A.G.S. Serranía de Málaga;Enfermería;46
2013;MÁLAGA;A.G.S. Serranía de Málaga;Personal no sanitario;49
2013;MÁLAGA;Valle del Guadalhorce;Medicina de familia;68
2013;MÁLAGA;Valle del Guadalhorce;Pediatría;17
2013;MÁLAGA;Valle del Guadalhorce;Enfermería;90
2013;MÁLAGA;Valle del Guadalhorce;Personal no sanitario;94
2013;SEVILLA;Aljarafe;Medicina de familia;182
2013;SEVILLA;Aljarafe;Pediatría;52
2013;SEVILLA;Aljarafe;Enfermería;177
2013;SEVILLA;Aljarafe;Personal no sanitario;169
2013;SEVILLA;Sevilla;Medicina de familia;413
2013;SEVILLA;Sevilla;Pediatría;106
2013;SEVILLA;Sevilla;Enfermería;407
2013;SEVILLA;Sevilla;Personal no sanitario;427
2013;SEVILLA;A.G.S. de Osuna;Medicina de familia;100
2013;SEVILLA;A.G.S. de Osuna;Pediatría;27
2013;SEVILLA;A.G.S. de Osuna;Enfermería;96
2013;SEVILLA;A.G.S. de Osuna;Personal no sanitario;85
2013;SEVILLA;Sevilla Norte;Medicina de familia;164
2013;SEVILLA;Sevilla Norte;Pediatría;35
2013;SEVILLA;Sevilla Norte;Enfermería;186
2013;SEVILLA;Sevilla Norte;Personal no sanitario;182
2013;SEVILLA;A.G.S. Sur de Sevilla;Medicina de familia;220
2013;SEVILLA;A.G.S. Sur de Sevilla;Pediatría;62
2013;SEVILLA;A.G.S. Sur de Sevilla;Enfermería;225
2013;SEVILLA;A.G.S. Sur de Sevilla;Personal no sanitario;201
2014;ALMERÍA;Almería;Medicina de familia;174
2014;ALMERÍA;Almería;Pediatría;44
2014;ALMERÍA;Almería;Enfermería;191
2014;ALMERÍA;Almería;Personal no sanitario;189
2014;ALMERÍA;A.G.S. Norte de Almería;Medicina de familia;98
2014;ALMERÍA;A.G.S. Norte de Almería;Pediatría;18
2014;ALMERÍA;A.G.S. Norte de Almería;Enfermería;100
2014;ALMERÍA;A.G.S. Norte de Almería;Personal no sanitario;99
2014;ALMERÍA;Poniente de Almería;Medicina de familia;135
2014;ALMERÍA;Poniente de Almería;Pediatría;36
2014;ALMERÍA;Poniente de Almería;Enfermería;132
2014;ALMERÍA;Poniente de Almería;Personal no sanitario;114
2014;CÁDIZ;Bahía de Cádiz-La Janda;Medicina de familia;281
2014;CÁDIZ;Bahía de Cádiz-La Janda;Pediatría;72
2014;CÁDIZ;Bahía de Cádiz-La Janda;Enfermería;276
2014;CÁDIZ;Bahía de Cádiz-La Janda;Personal no sanitario;260
2014;CÁDIZ;A.G.S. Campo de Gibraltar;Medicina de familia;138
2014;CÁDIZ;A.G.S. Campo de Gibraltar;Pediatría;43
2014;CÁDIZ;A.G.S. Campo de Gibraltar;Enfermería;153
2014;CÁDIZ;A.G.S. Campo de Gibraltar;Personal no sanitario;146
2014;CÁDIZ;Jerez-Costa Noroeste;Medicina de familia;
2014;CÁDIZ;Jerez-Costa Noroeste;Pediatría;
2014;CÁDIZ;Jerez-Costa Noroeste;Enfermería;
2014;CÁDIZ;Jerez-Costa Noroeste;Personal no sanitario;
2014;CÁDIZ;Sierra de Cádiz;Medicina de familia;
2014;CÁDIZ;Sierra de Cádiz;Pediatría;
2014;CÁDIZ;Sierra de Cádiz;Enfermería;
2014;CÁDIZ;Sierra de Cádiz;Personal no sanitario;
2014;CÁDIZ;A.G.S. Norte de Cádiz;Medicina de familia;249
2014;CÁDIZ;A.G.S. Norte de Cádiz;Pediatría;61
2014;CÁDIZ;A.G.S. Norte de Cádiz;Enfermería;263
2014;CÁDIZ;A.G.S. Norte de Cádiz;Personal no sanitario;252
2014;CÓRDOBA;Córdoba;Medicina de familia;189
2014;CÓRDOBA;Córdoba;Pediatría;44
2014;CÓRDOBA;Córdoba;Enfermería;175
2014;CÓRDOBA;Córdoba;Personal no sanitario;160
2014;CÓRDOBA;A.G.S. Norte de Córdoba;Medicina de familia;62
2014;CÓRDOBA;A.G.S. Norte de Córdoba;Pediatría;7
2014;CÓRDOBA;A.G.S. Norte de Córdoba;Enfermería;76
2014;CÓRDOBA;A.G.S. Norte de Córdoba;Personal no sanitario;75
2014;CÓRDOBA;A.G.S. Sur de Córdoba;Medicina de familia;158
2014;CÓRDOBA;A.G.S. Sur de Córdoba;Pediatría;35
2014;CÓRDOBA;A.G.S. Sur de Córdoba;Enfermería;170
2014;CÓRDOBA;A.G.S. Sur de Córdoba;Personal no sanitario;178
2014;CÓRDOBA;Guadalquivir;Medicina de familia;80
2014;CÓRDOBA;Guadalquivir;Pediatría;18
2014;CÓRDOBA;Guadalquivir;Enfermería;108
2014;CÓRDOBA;Guadalquivir;Personal no sanitario;96
2014;GRANADA;Granada;Medicina de familia;175
2014;GRANADA;Granada;Pediatría;37
2014;GRANADA;Granada;Enfermería;150
2014;GRANADA;Granada;Personal no sanitario;174
2014;GRANADA;A.G.S. Nordeste de Granada;Medicina de familia;85
2014;GRANADA;A.G.S. Nordeste de Granada;Pediatría;14
2014;GRANADA;A.G.S. Nordeste de Granada;Enfermería;95
2014;GRANADA;A.G.S. Nordeste de Granada;Personal no sanitario;86
2014;GRANADA;A.G.S. Sur de Granada;Medicina de familia;100
2014;GRANADA;A.G.S. Sur de Granada;Pediatría;20
2014;GRANADA;A.G.S. Sur de Granada;Enfermería;121
2014;GRANADA;A.G.S. Sur de Granada;Personal no sanitario;109
2014;GRANADA;Metropolitano de Granada;Medicina de familia;232
2014;GRANADA;Metropolitano de Granada;Pediatría;53
2014;GRANADA;Metropolitano de Granada;Enfermería;244
2014;GRANADA;Metropolitano de Granada;Personal no sanitario;194
2014;HUELVA;Condado-Campiña;Medicina de familia;88
2014;HUELVA;Condado-Campiña;Pediatría;20
2014;HUELVA;Condado-Campiña;Enfermería;102
2014;HUELVA;Condado-Campiña;Personal no sanitario;102
2014;HUELVA;Huelva-Costa;Medicina de familia;167
2014;HUELVA;Huelva-Costa;Pediatría;33
2014;HUELVA;Huelva-Costa;Enfermería;165
2014;HUELVA;Huelva-Costa;Personal no sanitario;160
2014;HUELVA;A.G.S. Norte de Huelva;Medicina de familia;61
2014;HUELVA;A.G.S. Norte de Huelva;Pediatría;9
2014;HUELVA;A.G.S. Norte de Huelva;Enfermería;77
2014;HUELVA;A.G.S. Norte de Huelva;Personal no sanitario;85
2014;JAÉN;Jaén;Medicina de familia;125
2014;JAÉN;Jaén;Pediatría;30
2014;JAÉN;Jaén;Enfermería;136
2014;JAÉN;Jaén;Personal no sanitario;122
2014;JAÉN;Jaen Nordeste;Medicina de familia;
2014;JAÉN;Jaen Nordeste;Pediatría;
2014;JAÉN;Jaen Nordeste;Enfermería;
2014;JAÉN;Jaen Nordeste;Personal no sanitario;
2014;JAÉN;Jaén Norte;Medicina de familia;
2014;JAÉN;Jaén Norte;Pediatría;
2014;JAÉN;Jaén Norte;Enfermería;
2014;JAÉN;Jaén Norte;Personal no sanitario;
2014;JAÉN;Jaén Sur;Medicina de familia;65
2014;JAÉN;Jaén Sur;Pediatría;12
2014;JAÉN;Jaén Sur;Enfermería;76
2014;JAÉN;Jaén Sur;Personal no sanitario;72
2014;JAÉN;A.G.S. Norte de Jaén;Medicina de familia;251
2014;JAÉN;A.G.S. Norte de Jaén;Pediatría;49
2014;JAÉN;A.G.S. Norte de Jaén;Enfermería;293
2014;JAÉN;A.G.S. Norte de Jaén;Personal no sanitario;291
2014;MÁLAGA;A.G.S. Este de Málaga - Axarquia;Medicina de familia;95
2014;MÁLAGA;A.G.S. Este de Málaga - Axarquia;Pediatría;20
2014;MÁLAGA;A.G.S. Este de Málaga - Axarquia;Enfermería;114
2014;MÁLAGA;A.G.S. Este de Málaga - Axarquia;Personal no sanitario;113
2014;MÁLAGA;Costa del Sol;Medicina de familia;222
2014;MÁLAGA;Costa del Sol;Pediatría;55
2014;MÁLAGA;Costa del Sol;Enfermería;195
2014;MÁLAGA;Costa del Sol;Personal no sanitario;167
2014;MÁLAGA;A.G.S. Norte de Málaga;Medicina de familia;70
2014;MÁLAGA;A.G.S. Norte de Málaga;Pediatría;13
2014;MÁLAGA;A.G.S. Norte de Málaga;Enfermería;84
2014;MÁLAGA;A.G.S. Norte de Málaga;Personal no sanitario;73
2014;MÁLAGA;Málaga;Medicina de familia;342
2014;MÁLAGA;Málaga;Pediatría;78
2014;MÁLAGA;Málaga;Enfermería;329
2014;MÁLAGA;Málaga;Personal no sanitario;305
2014;MÁLAGA;A.G.S. Serranía de Málaga;Medicina de familia;41
2014;MÁLAGA;A.G.S. Serranía de Málaga;Pediatría;7
2014;MÁLAGA;A.G.S. Serranía de Málaga;Enfermería;46
2014;MÁLAGA;A.G.S. Serranía de Málaga;Personal no sanitario;49
2014;MÁLAGA;Valle del Guadalhorce;Medicina de familia;68
2014;MÁLAGA;Valle del Guadalhorce;Pediatría;17
2014;MÁLAGA;Valle del Guadalhorce;Enfermería;90
2014;MÁLAGA;Valle del Guadalhorce;Personal no sanitario;94
2014;SEVILLA;Aljarafe;Medicina de familia;182
2014;SEVILLA;Aljarafe;Pediatría;53
2014;SEVILLA;Aljarafe;Enfermería;175
2014;SEVILLA;Aljarafe;Personal no sanitario;169
2014;SEVILLA;Sevilla;Medicina de familia;413
2014;SEVILLA;Sevilla;Pediatría;106
2014;SEVILLA;Sevilla;Enfermería;407
2014;SEVILLA;Sevilla;Personal no sanitario;425
2014;SEVILLA;A.G.S. de Osuna;Medicina de familia;100
2014;SEVILLA;A.G.S. de Osuna;Pediatría;27
2014;SEVILLA;A.G.S. de Osuna;Enfermería;93
2014;SEVILLA;A.G.S. de Osuna;Personal no sanitario;85
2014;SEVILLA;Sevilla Norte;Medicina de familia;164
2014;SEVILLA;Sevilla Norte;Pediatría;35
2014;SEVILLA;Sevilla Norte;Enfermería;183
2014;SEVILLA;Sevilla Norte;Personal no sanitario;182
2014;SEVILLA;A.G.S. Sur de Sevilla;Medicina de familia;220
2014;SEVILLA;A.G.S. Sur de Sevilla;Pediatría;64
2014;SEVILLA;A.G.S. Sur de Sevilla;Enfermería;224
2014;SEVILLA;A.G.S. Sur de Sevilla;Personal no sanitario;201
2015;ALMERÍA;Almería;Medicina de familia;174
2015;ALMERÍA;Almería;Pediatría;44
2015;ALMERÍA;Almería;Enfermería;165
2015;ALMERÍA;Almería;Personal no sanitario;190
2015;ALMERÍA;A.G.S. Norte de Almería;Medicina de familia;98
2015;ALMERÍA;A.G.S. Norte de Almería;Pediatría;18
2015;ALMERÍA;A.G.S. Norte de Almería;Enfermería;96
2015;ALMERÍA;A.G.S. Norte de Almería;Personal no sanitario;110
2015;ALMERÍA;Poniente de Almería;Medicina de familia;136
2015;ALMERÍA;Poniente de Almería;Pediatría;36
2015;ALMERÍA;Poniente de Almería;Enfermería;119
2015;ALMERÍA;Poniente de Almería;Personal no sanitario;139
2015;CÁDIZ;Bahía de Cádiz-La Janda;Medicina de familia;281
2015;CÁDIZ;Bahía de Cádiz-La Janda;Pediatría;72
2015;CÁDIZ;Bahía de Cádiz-La Janda;Enfermería;273
2015;CÁDIZ;Bahía de Cádiz-La Janda;Personal no sanitario;242
2015;CÁDIZ;A.G.S. Campo de Gibraltar;Medicina de familia;138
2015;CÁDIZ;A.G.S. Campo de Gibraltar;Pediatría;43
2015;CÁDIZ;A.G.S. Campo de Gibraltar;Enfermería;166
2015;CÁDIZ;A.G.S. Campo de Gibraltar;Personal no sanitario;149
2015;CÁDIZ;Jerez-Costa Noroeste;Medicina de familia;
2015;CÁDIZ;Jerez-Costa Noroeste;Pediatría;
2015;CÁDIZ;Jerez-Costa Noroeste;Enfermería;
2015;CÁDIZ;Jerez-Costa Noroeste;Personal no sanitario;
2015;CÁDIZ;Sierra de Cádiz;Medicina de familia;
2015;CÁDIZ;Sierra de Cádiz;Pediatría;
2015;CÁDIZ;Sierra de Cádiz;Enfermería;
2015;CÁDIZ;Sierra de Cádiz;Personal no sanitario;
2015;CÁDIZ;A.G.S. Norte de Cádiz;Medicina de familia;247
2015;CÁDIZ;A.G.S. Norte de Cádiz;Pediatría;62
2015;CÁDIZ;A.G.S. Norte de Cádiz;Enfermería;257
2015;CÁDIZ;A.G.S. Norte de Cádiz;Personal no sanitario;274
2015;CÓRDOBA;Córdoba;Medicina de familia;189
2015;CÓRDOBA;Córdoba;Pediatría;44
2015;CÓRDOBA;Córdoba;Enfermería;175
2015;CÓRDOBA;Córdoba;Personal no sanitario;146
2015;CÓRDOBA;A.G.S. Norte de Córdoba;Medicina de familia;62
2015;CÓRDOBA;A.G.S. Norte de Córdoba;Pediatría;7
2015;CÓRDOBA;A.G.S. Norte de Córdoba;Enfermería;77
2015;CÓRDOBA;A.G.S. Norte de Córdoba;Personal no sanitario;71
2015;CÓRDOBA;A.G.S. Sur de Córdoba;Medicina de familia;158
2015;CÓRDOBA;A.G.S. Sur de Córdoba;Pediatría;35
2015;CÓRDOBA;A.G.S. Sur de Córdoba;Enfermería;167
2015;CÓRDOBA;A.G.S. Sur de Córdoba;Personal no sanitario;179
2015;CÓRDOBA;Guadalquivir;Medicina de familia;80
2015;CÓRDOBA;Guadalquivir;Pediatría;18
2015;CÓRDOBA;Guadalquivir;Enfermería;87
2015;CÓRDOBA;Guadalquivir;Personal no sanitario;93
2015;GRANADA;Granada;Medicina de familia;175
2015;GRANADA;Granada;Pediatría;37
2015;GRANADA;Granada;Enfermería;149
2015;GRANADA;Granada;Personal no sanitario;156
2015;GRANADA;A.G.S. Nordeste de Granada;Medicina de familia;84
2015;GRANADA;A.G.S. Nordeste de Granada;Pediatría;14
2015;GRANADA;A.G.S. Nordeste de Granada;Enfermería;96
2015;GRANADA;A.G.S. Nordeste de Granada;Personal no sanitario;82
2015;GRANADA;A.G.S. Sur de Granada;Medicina de familia;100
2015;GRANADA;A.G.S. Sur de Granada;Pediatría;20
2015;GRANADA;A.G.S. Sur de Granada;Enfermería;120
2015;GRANADA;A.G.S. Sur de Granada;Personal no sanitario;109
2015;GRANADA;Metropolitano de Granada;Medicina de familia;231
2015;GRANADA;Metropolitano de Granada;Pediatría;53
2015;GRANADA;Metropolitano de Granada;Enfermería;201
2015;GRANADA;Metropolitano de Granada;Personal no sanitario;204
2015;HUELVA;Condado-Campiña;Medicina de familia;88
2015;HUELVA;Condado-Campiña;Pediatría;20
2015;HUELVA;Condado-Campiña;Enfermería;93
2015;HUELVA;Condado-Campiña;Personal no sanitario;132
2015;HUELVA;Huelva-Costa;Medicina de familia;167
2015;HUELVA;Huelva-Costa;Pediatría;34
2015;HUELVA;Huelva-Costa;Enfermería;162
2015;HUELVA;Huelva-Costa;Personal no sanitario;150
2015;HUELVA;A.G.S. Norte de Huelva;Medicina de familia;61
2015;HUELVA;A.G.S. Norte de Huelva;Pediatría;9
2015;HUELVA;A.G.S. Norte de Huelva;Enfermería;62
2015;HUELVA;A.G.S. Norte de Huelva;Personal no sanitario;79
2015;JAÉN;Jaén;Medicina de familia;125
2015;JAÉN;Jaén;Pediatría;30
2015;JAÉN;Jaén;Enfermería;113
2015;JAÉN;Jaén;Personal no sanitario;105
2015;JAÉN;Jaen Nordeste;Medicina de familia;
2015;JAÉN;Jaen Nordeste;Pediatría;
2015;JAÉN;Jaen Nordeste;Enfermería;
2015;JAÉN;Jaen Nordeste;Personal no sanitario;
2015;JAÉN;Jaén Norte;Medicina de familia;
2015;JAÉN;Jaén Norte;Pediatría;
2015;JAÉN;Jaén Norte;Enfermería;
2015;JAÉN;Jaén Norte;Personal no sanitario;
2015;JAÉN;Jaén Sur;Medicina de familia;65
2015;JAÉN;Jaén Sur;Pediatría;12
2015;JAÉN;Jaén Sur;Enfermería;67
2015;JAÉN;Jaén Sur;Personal no sanitario;68
2015;JAÉN;A.G.S. Norte de Jaén;Medicina de familia;251
2015;JAÉN;A.G.S. Norte de Jaén;Pediatría;49
2015;JAÉN;A.G.S. Norte de Jaén;Enfermería;264
2015;JAÉN;A.G.S. Norte de Jaén;Personal no sanitario;298
2015;MÁLAGA;A.G.S. Este de Málaga - Axarquia;Medicina de familia;95
2015;MÁLAGA;A.G.S. Este de Málaga - Axarquia;Pediatría;20
2015;MÁLAGA;A.G.S. Este de Málaga - Axarquia;Enfermería;96
2015;MÁLAGA;A.G.S. Este de Málaga - Axarquia;Personal no sanitario;118
2015;MÁLAGA;Costa del Sol;Medicina de familia;222
2015;MÁLAGA;Costa del Sol;Pediatría;55
2015;MÁLAGA;Costa del Sol;Enfermería;203
2015;MÁLAGA;Costa del Sol;Personal no sanitario;192
2015;MÁLAGA;A.G.S. Norte de Málaga;Medicina de familia;70
2015;MÁLAGA;A.G.S. Norte de Málaga;Pediatría;13
2015;MÁLAGA;A.G.S. Norte de Málaga;Enfermería;69
2015;MÁLAGA;A.G.S. Norte de Málaga;Personal no sanitario;75
2015;MÁLAGA;Málaga;Medicina de familia;342
2015;MÁLAGA;Málaga;Pediatría;78
2015;MÁLAGA;Málaga;Enfermería;328
2015;MÁLAGA;Málaga;Personal no sanitario;264
2015;MÁLAGA;A.G.S. Serranía de Málaga;Medicina de familia;41
2015;MÁLAGA;A.G.S. Serranía de Málaga;Pediatría;7
2015;MÁLAGA;A.G.S. Serranía de Málaga;Enfermería;45
2015;MÁLAGA;A.G.S. Serranía de Málaga;Personal no sanitario;46
2015;MÁLAGA;Valle del Guadalhorce;Medicina de familia;68
2015;MÁLAGA;Valle del Guadalhorce;Pediatría;17
2015;MÁLAGA;Valle del Guadalhorce;Enfermería;79
2015;MÁLAGA;Valle del Guadalhorce;Personal no sanitario;97
2015;SEVILLA;Aljarafe;Medicina de familia;181
2015;SEVILLA;Aljarafe;Pediatría;54
2015;SEVILLA;Aljarafe;Enfermería;176
2015;SEVILLA;Aljarafe;Personal no sanitario;186
2015;SEVILLA;Sevilla;Medicina de familia;413
2015;SEVILLA;Sevilla;Pediatría;106
2015;SEVILLA;Sevilla;Enfermería;420
2015;SEVILLA;Sevilla;Personal no sanitario;390
2015;SEVILLA;A.G.S. de Osuna;Medicina de familia;100
2015;SEVILLA;A.G.S. de Osuna;Pediatría;27
2015;SEVILLA;A.G.S. de Osuna;Enfermería;100
2015;SEVILLA;A.G.S. de Osuna;Personal no sanitario;86
2015;SEVILLA;Sevilla Norte;Medicina de familia;164
2015;SEVILLA;Sevilla Norte;Pediatría;35
2015;SEVILLA;Sevilla Norte;Enfermería;155
2015;SEVILLA;Sevilla Norte;Personal no sanitario;203
2015;SEVILLA;A.G.S. Sur de Sevilla;Medicina de familia;220
2015;SEVILLA;A.G.S. Sur de Sevilla;Pediatría;63
2015;SEVILLA;A.G.S. Sur de Sevilla;Enfermería;239
2015;SEVILLA;A.G.S. Sur de Sevilla;Personal no sanitario;205
2016;ALMERÍA;Almería;Medicina de familia;174
2016;ALMERÍA;Almería;Pediatría;44
2016;ALMERÍA;Almería;Enfermería;176
2016;ALMERÍA;Almería;Personal no sanitario;187
2016;ALMERÍA;A.G.S. Norte de Almería;Medicina de familia;98
2016;ALMERÍA;A.G.S. Norte de Almería;Pediatría;18
2016;ALMERÍA;A.G.S. Norte de Almería;Enfermería;94
2016;ALMERÍA;A.G.S. Norte de Almería;Personal no sanitario;148
2016;ALMERÍA;Poniente de Almería;Medicina de familia;136
2016;ALMERÍA;Poniente de Almería;Pediatría;37
2016;ALMERÍA;Poniente de Almería;Enfermería;126
2016;ALMERÍA;Poniente de Almería;Personal no sanitario;139
2016;CÁDIZ;Bahía de Cádiz-La Janda;Medicina de familia;274
2016;CÁDIZ;Bahía de Cádiz-La Janda;Pediatría;71
2016;CÁDIZ;Bahía de Cádiz-La Janda;Enfermería;244
2016;CÁDIZ;Bahía de Cádiz-La Janda;Personal no sanitario;241
2016;CÁDIZ;A.G.S. Campo de Gibraltar;Medicina de familia;138
2016;CÁDIZ;A.G.S. Campo de Gibraltar;Pediatría;43
2016;CÁDIZ;A.G.S. Campo de Gibraltar;Enfermería;160
2016;CÁDIZ;A.G.S. Campo de Gibraltar;Personal no sanitario;145
2016;CÁDIZ;Jerez-Costa Noroeste;Medicina de familia;
2016;CÁDIZ;Jerez-Costa Noroeste;Pediatría;
2016;CÁDIZ;Jerez-Costa Noroeste;Enfermería;
2016;CÁDIZ;Jerez-Costa Noroeste;Personal no sanitario;
2016;CÁDIZ;Sierra de Cádiz;Medicina de familia;
2016;CÁDIZ;Sierra de Cádiz;Pediatría;
2016;CÁDIZ;Sierra de Cádiz;Enfermería;
2016;CÁDIZ;Sierra de Cádiz;Personal no sanitario;
2016;CÁDIZ;A.G.S. Norte de Cádiz;Medicina de familia;246
2016;CÁDIZ;A.G.S. Norte de Cádiz;Pediatría;62
2016;CÁDIZ;A.G.S. Norte de Cádiz;Enfermería;245
2016;CÁDIZ;A.G.S. Norte de Cádiz;Personal no sanitario;279
2016;CÓRDOBA;Córdoba;Medicina de familia;188
2016;CÓRDOBA;Córdoba;Pediatría;44
2016;CÓRDOBA;Córdoba;Enfermería;159
2016;CÓRDOBA;Córdoba;Personal no sanitario;145
2016;CÓRDOBA;A.G.S. Norte de Córdoba;Medicina de familia;63
2016;CÓRDOBA;A.G.S. Norte de Córdoba;Pediatría;7
2016;CÓRDOBA;A.G.S. Norte de Córdoba;Enfermería;71
2016;CÓRDOBA;A.G.S. Norte de Córdoba;Personal no sanitario;66
2016;CÓRDOBA;A.G.S. Sur de Córdoba;Medicina de familia;158
2016;CÓRDOBA;A.G.S. Sur de Córdoba;Pediatría;35
2016;CÓRDOBA;A.G.S. Sur de Córdoba;Enfermería;169
2016;CÓRDOBA;A.G.S. Sur de Córdoba;Personal no sanitario;178
2016;CÓRDOBA;Guadalquivir;Medicina de familia;80
2016;CÓRDOBA;Guadalquivir;Pediatría;18
2016;CÓRDOBA;Guadalquivir;Enfermería;87
2016;CÓRDOBA;Guadalquivir;Personal no sanitario;88
2016;GRANADA;Granada;Medicina de familia;172
2016;GRANADA;Granada;Pediatría;36
2016;GRANADA;Granada;Enfermería;160
2016;GRANADA;Granada;Personal no sanitario;157
2016;GRANADA;A.G.S. Nordeste de Granada;Medicina de familia;84
2016;GRANADA;A.G.S. Nordeste de Granada;Pediatría;14
2016;GRANADA;A.G.S. Nordeste de Granada;Enfermería;90
2016;GRANADA;A.G.S. Nordeste de Granada;Personal no sanitario;80
2016;GRANADA;A.G.S. Sur de Granada;Medicina de familia;100
2016;GRANADA;A.G.S. Sur de Granada;Pediatría;20
2016;GRANADA;A.G.S. Sur de Granada;Enfermería;110
2016;GRANADA;A.G.S. Sur de Granada;Personal no sanitario;113
2016;GRANADA;Metropolitano de Granada;Medicina de familia;233
2016;GRANADA;Metropolitano de Granada;Pediatría;53
2016;GRANADA;Metropolitano de Granada;Enfermería;212
2016;GRANADA;Metropolitano de Granada;Personal no sanitario;204
2016;HUELVA;Condado-Campiña;Medicina de familia;88
2016;HUELVA;Condado-Campiña;Pediatría;20
2016;HUELVA;Condado-Campiña;Enfermería;90
2016;HUELVA;Condado-Campiña;Personal no sanitario;144
2016;HUELVA;Huelva-Costa;Medicina de familia;169
2016;HUELVA;Huelva-Costa;Pediatría;33
2016;HUELVA;Huelva-Costa;Enfermería;162
2016;HUELVA;Huelva-Costa;Personal no sanitario;150
2016;HUELVA;A.G.S. Norte de Huelva;Medicina de familia;61
2016;HUELVA;A.G.S. Norte de Huelva;Pediatría;9
2016;HUELVA;A.G.S. Norte de Huelva;Enfermería;64
2016;HUELVA;A.G.S. Norte de Huelva;Personal no sanitario;82
2016;JAÉN;Jaén;Medicina de familia;123
2016;JAÉN;Jaén;Pediatría;30
2016;JAÉN;Jaén;Enfermería;122
2016;JAÉN;Jaén;Personal no sanitario;104
2016;JAÉN;Jaen Nordeste;Medicina de familia;
2016;JAÉN;Jaen Nordeste;Pediatría;
2016;JAÉN;Jaen Nordeste;Enfermería;
2016;JAÉN;Jaen Nordeste;Personal no sanitario;
2016;JAÉN;Jaén Norte;Medicina de familia;
2016;JAÉN;Jaén Norte;Pediatría;
2016;JAÉN;Jaén Norte;Enfermería;
2016;JAÉN;Jaén Norte;Personal no sanitario;
2016;JAÉN;Jaén Sur;Medicina de familia;65
2016;JAÉN;Jaén Sur;Pediatría;12
2016;JAÉN;Jaén Sur;Enfermería;65
2016;JAÉN;Jaén Sur;Personal no sanitario;63
2016;JAÉN;A.G.S. Norte de Jaén;Medicina de familia;248
2016;JAÉN;A.G.S. Norte de Jaén;Pediatría;48
2016;JAÉN;A.G.S. Norte de Jaén;Enfermería;254
2016;JAÉN;A.G.S. Norte de Jaén;Personal no sanitario;296
2016;MÁLAGA;A.G.S. Este de Málaga - Axarquia;Medicina de familia;95
2016;MÁLAGA;A.G.S. Este de Málaga - Axarquia;Pediatría;20
2016;MÁLAGA;A.G.S. Este de Málaga - Axarquia;Enfermería;99
2016;MÁLAGA;A.G.S. Este de Málaga - Axarquia;Personal no sanitario;112
2016;MÁLAGA;Costa del Sol;Medicina de familia;222
2016;MÁLAGA;Costa del Sol;Pediatría;55
2016;MÁLAGA;Costa del Sol;Enfermería;188
2016;MÁLAGA;Costa del Sol;Personal no sanitario;184
2016;MÁLAGA;A.G.S. Norte de Málaga;Medicina de familia;70
2016;MÁLAGA;A.G.S. Norte de Málaga;Pediatría;13
2016;MÁLAGA;A.G.S. Norte de Málaga;Enfermería;71
2016;MÁLAGA;A.G.S. Norte de Málaga;Personal no sanitario;73
2016;MÁLAGA;Málaga;Medicina de familia;340
2016;MÁLAGA;Málaga;Pediatría;78
2016;MÁLAGA;Málaga;Enfermería;321
2016;MÁLAGA;Málaga;Personal no sanitario;265
2016;MÁLAGA;A.G.S. Serranía de Málaga;Medicina de familia;41
2016;MÁLAGA;A.G.S. Serranía de Málaga;Pediatría;7
2016;MÁLAGA;A.G.S. Serranía de Málaga;Enfermería;42
2016;MÁLAGA;A.G.S. Serranía de Málaga;Personal no sanitario;44
2016;MÁLAGA;Valle del Guadalhorce;Medicina de familia;68
2016;MÁLAGA;Valle del Guadalhorce;Pediatría;17
2016;MÁLAGA;Valle del Guadalhorce;Enfermería;72
2016;MÁLAGA;Valle del Guadalhorce;Personal no sanitario;90
2016;SEVILLA;Aljarafe;Medicina de familia;183
2016;SEVILLA;Aljarafe;Pediatría;54
2016;SEVILLA;Aljarafe;Enfermería;176
2016;SEVILLA;Aljarafe;Personal no sanitario;179
2016;SEVILLA;Sevilla;Medicina de familia;406
2016;SEVILLA;Sevilla;Pediatría;104
2016;SEVILLA;Sevilla;Enfermería;413
2016;SEVILLA;Sevilla;Personal no sanitario;384
2016;SEVILLA;A.G.S. de Osuna;Medicina de familia;100
2016;SEVILLA;A.G.S. de Osuna;Pediatría;27
2016;SEVILLA;A.G.S. de Osuna;Enfermería;102
2016;SEVILLA;A.G.S. de Osuna;Personal no sanitario;86
2016;SEVILLA;Sevilla Norte;Medicina de familia;162
2016;SEVILLA;Sevilla Norte;Pediatría;35
2016;SEVILLA;Sevilla Norte;Enfermería;158
2016;SEVILLA;Sevilla Norte;Personal no sanitario;204
2016;SEVILLA;A.G.S. Sur de Sevilla;Medicina de familia;220
2016;SEVILLA;A.G.S. Sur de Sevilla;Pediatría;62
2016;SEVILLA;A.G.S. Sur de Sevilla;Enfermería;234
2016;SEVILLA;A.G.S. Sur de Sevilla;Personal no sanitario;199
